{"v":"4.8.0","meta":{"g":"LottieFiles AE 3.4.3","a":"","k":"","d":"","tc":""},"fr":30,"ip":0,"op":44,"w":1600,"h":1600,"nm":"Icon - Zap","ddd":0,"assets":[],"layers":[{"ddd":0,"ind":3,"ty":4,"nm":"Spark 2","sr":1,"ks":{"o":{"a":0,"k":100,"ix":11},"r":{"a":1,"k":[{"i":{"x":[0.4],"y":[1]},"o":{"x":[0.6],"y":[0]},"t":12,"s":[0]},{"t":22,"s":[-12]}],"ix":10},"p":{"a":0,"k":[814,1190,0],"ix":2},"a":{"a":0,"k":[14,390,0],"ix":1},"s":{"a":0,"k":[100,100,100],"ix":6}},"ao":0,"shapes":[{"ty":"gr","it":[{"ind":0,"ty":"sh","ix":1,"ks":{"a":0,"k":{"i":[[0,0],[1.355,6.986],[251,27.5]],"o":[[0,0],[-37.108,-191.324],[-40.756,-4.465]],"v":[[-5,380.5],[-8.892,354.324],[-421,14.5]],"c":false},"ix":2},"nm":"Path 1","mn":"ADBE Vector Shape - Group","hd":false},{"ty":"tm","s":{"a":0,"k":0,"ix":1},"e":{"a":1,"k":[{"i":{"x":[0.833],"y":[0.833]},"o":{"x":[0.167],"y":[0.167]},"t":14,"s":[1]},{"i":{"x":[0.833],"y":[0.833]},"o":{"x":[0.167],"y":[0.167]},"t":16,"s":[5]},{"t":20,"s":[1]}],"ix":2},"o":{"a":1,"k":[{"i":{"x":[0.4],"y":[1]},"o":{"x":[0.6],"y":[0]},"t":12,"s":[-355]},{"t":21,"s":[-47]}],"ix":3},"m":1,"ix":2,"nm":"Trim Paths 1","mn":"ADBE Vector Filter - Trim","hd":false},{"ty":"st","c":{"a":1,"k":[{"i":{"x":[0.833],"y":[0.833]},"o":{"x":[0.167],"y":[0.167]},"t":14,"s":[1,1,1,1]},{"t":18,"s":[1,0.627451002598,0.184313729405,1]}],"ix":3},"o":{"a":1,"k":[{"i":{"x":[0.833],"y":[0.833]},"o":{"x":[0.167],"y":[0.167]},"t":12,"s":[0]},{"t":13,"s":[100]}],"ix":4},"w":{"a":1,"k":[{"i":{"x":[0.833],"y":[0.833]},"o":{"x":[0.167],"y":[0.167]},"t":13,"s":[3]},{"i":{"x":[0.833],"y":[0.833]},"o":{"x":[0.167],"y":[0.167]},"t":16,"s":[43]},{"t":22,"s":[0]}],"ix":5},"lc":2,"lj":1,"ml":4,"bm":0,"nm":"Stroke 1","mn":"ADBE Vector Graphic - Stroke","hd":false},{"ty":"tr","p":{"a":0,"k":[-30,0],"ix":2},"a":{"a":0,"k":[0,0],"ix":1},"s":{"a":0,"k":[100,100],"ix":3},"r":{"a":0,"k":0,"ix":6},"o":{"a":0,"k":100,"ix":7},"sk":{"a":0,"k":0,"ix":4},"sa":{"a":0,"k":0,"ix":5},"nm":"Transform"}],"nm":"Shape 6","np":3,"cix":2,"bm":0,"ix":1,"mn":"ADBE Vector Group","hd":false},{"ty":"gr","it":[{"ind":0,"ty":"sh","ix":1,"ks":{"a":0,"k":{"i":[[0,0],[6.11,3.647],[221,-82.5]],"o":[[0,0],[-173.108,-103.324],[-38.411,14.339]],"v":[[-12,395.5],[-18.892,388.324],[-519,368.5]],"c":false},"ix":2},"nm":"Path 1","mn":"ADBE Vector Shape - Group","hd":false},{"ty":"tm","s":{"a":0,"k":0,"ix":1},"e":{"a":1,"k":[{"i":{"x":[0.833],"y":[0.833]},"o":{"x":[0.167],"y":[0.167]},"t":14,"s":[1]},{"i":{"x":[0.833],"y":[0.833]},"o":{"x":[0.167],"y":[0.167]},"t":16,"s":[5]},{"t":20,"s":[1]}],"ix":2},"o":{"a":1,"k":[{"i":{"x":[0.4],"y":[1]},"o":{"x":[0.6],"y":[0]},"t":12,"s":[-355]},{"t":21,"s":[-47]}],"ix":3},"m":1,"ix":2,"nm":"Trim Paths 1","mn":"ADBE Vector Filter - Trim","hd":false},{"ty":"st","c":{"a":1,"k":[{"i":{"x":[0.833],"y":[0.833]},"o":{"x":[0.167],"y":[0.167]},"t":14,"s":[1,1,1,1]},{"t":18,"s":[1,0.627451002598,0.184313729405,1]}],"ix":3},"o":{"a":1,"k":[{"i":{"x":[0.833],"y":[0.833]},"o":{"x":[0.167],"y":[0.167]},"t":12,"s":[0]},{"t":13,"s":[100]}],"ix":4},"w":{"a":1,"k":[{"i":{"x":[0.833],"y":[0.833]},"o":{"x":[0.167],"y":[0.167]},"t":13,"s":[3]},{"i":{"x":[0.833],"y":[0.833]},"o":{"x":[0.167],"y":[0.167]},"t":16,"s":[43]},{"t":22,"s":[0]}],"ix":5},"lc":2,"lj":1,"ml":4,"bm":0,"nm":"Stroke 1","mn":"ADBE Vector Graphic - Stroke","hd":false},{"ty":"tr","p":{"a":0,"k":[-30,0],"ix":2},"a":{"a":0,"k":[0,0],"ix":1},"s":{"a":0,"k":[100,100],"ix":3},"r":{"a":0,"k":0,"ix":6},"o":{"a":0,"k":100,"ix":7},"sk":{"a":0,"k":0,"ix":4},"sa":{"a":0,"k":0,"ix":5},"nm":"Transform"}],"nm":"Shape 5","np":3,"cix":2,"bm":0,"ix":2,"mn":"ADBE Vector Group","hd":false},{"ty":"gr","it":[{"ind":0,"ty":"sh","ix":1,"ks":{"a":0,"k":{"i":[[0,0],[7.072,-0.791],[83,-132.5]],"o":[[0,0],[-149.108,16.676],[-21.765,34.746]],"v":[[-12,434.5],[-29.892,436.324],[-321,662.5]],"c":false},"ix":2},"nm":"Path 1","mn":"ADBE Vector Shape - Group","hd":false},{"ty":"tm","s":{"a":0,"k":0,"ix":1},"e":{"a":1,"k":[{"i":{"x":[0.833],"y":[0.833]},"o":{"x":[0.167],"y":[0.167]},"t":14,"s":[1]},{"i":{"x":[0.833],"y":[0.833]},"o":{"x":[0.167],"y":[0.167]},"t":16,"s":[5]},{"t":20,"s":[1]}],"ix":2},"o":{"a":1,"k":[{"i":{"x":[0.4],"y":[1]},"o":{"x":[0.6],"y":[0]},"t":12,"s":[-355]},{"t":21,"s":[-47]}],"ix":3},"m":1,"ix":2,"nm":"Trim Paths 1","mn":"ADBE Vector Filter - Trim","hd":false},{"ty":"st","c":{"a":1,"k":[{"i":{"x":[0.833],"y":[0.833]},"o":{"x":[0.167],"y":[0.167]},"t":14,"s":[1,1,1,1]},{"t":18,"s":[1,0.627451002598,0.184313729405,1]}],"ix":3},"o":{"a":1,"k":[{"i":{"x":[0.833],"y":[0.833]},"o":{"x":[0.167],"y":[0.167]},"t":12,"s":[0]},{"t":13,"s":[100]}],"ix":4},"w":{"a":1,"k":[{"i":{"x":[0.833],"y":[0.833]},"o":{"x":[0.167],"y":[0.167]},"t":13,"s":[3]},{"i":{"x":[0.833],"y":[0.833]},"o":{"x":[0.167],"y":[0.167]},"t":16,"s":[43]},{"t":22,"s":[0]}],"ix":5},"lc":2,"lj":1,"ml":4,"bm":0,"nm":"Stroke 1","mn":"ADBE Vector Graphic - Stroke","hd":false},{"ty":"tr","p":{"a":0,"k":[-30,0],"ix":2},"a":{"a":0,"k":[0,0],"ix":1},"s":{"a":0,"k":[100,100],"ix":3},"r":{"a":0,"k":0,"ix":6},"o":{"a":0,"k":100,"ix":7},"sk":{"a":0,"k":0,"ix":4},"sa":{"a":0,"k":0,"ix":5},"nm":"Transform"}],"nm":"Shape 4","np":3,"cix":2,"bm":0,"ix":3,"mn":"ADBE Vector Group","hd":false},{"ty":"gr","it":[{"ind":0,"ty":"sh","ix":1,"ks":{"a":0,"k":{"i":[[0,0],[-6.569,-2.735],[-21,-138.5]],"o":[[0,0],[68.892,28.676],[6.146,40.537]],"v":[[66,444.5],[80.108,450.324],[261,718.5]],"c":false},"ix":2},"nm":"Path 1","mn":"ADBE Vector Shape - Group","hd":false},{"ty":"tm","s":{"a":0,"k":0,"ix":1},"e":{"a":1,"k":[{"i":{"x":[0.833],"y":[0.833]},"o":{"x":[0.167],"y":[0.167]},"t":14,"s":[1]},{"i":{"x":[0.833],"y":[0.833]},"o":{"x":[0.167],"y":[0.167]},"t":16,"s":[5]},{"t":20,"s":[1]}],"ix":2},"o":{"a":1,"k":[{"i":{"x":[0.4],"y":[1]},"o":{"x":[0.6],"y":[0]},"t":12,"s":[-355]},{"t":21,"s":[-47]}],"ix":3},"m":1,"ix":2,"nm":"Trim Paths 1","mn":"ADBE Vector Filter - Trim","hd":false},{"ty":"st","c":{"a":1,"k":[{"i":{"x":[0.833],"y":[0.833]},"o":{"x":[0.167],"y":[0.167]},"t":14,"s":[1,1,1,1]},{"t":18,"s":[1,0.627451002598,0.184313729405,1]}],"ix":3},"o":{"a":1,"k":[{"i":{"x":[0.833],"y":[0.833]},"o":{"x":[0.167],"y":[0.167]},"t":12,"s":[0]},{"t":13,"s":[100]}],"ix":4},"w":{"a":1,"k":[{"i":{"x":[0.833],"y":[0.833]},"o":{"x":[0.167],"y":[0.167]},"t":13,"s":[3]},{"i":{"x":[0.833],"y":[0.833]},"o":{"x":[0.167],"y":[0.167]},"t":16,"s":[43]},{"t":22,"s":[0]}],"ix":5},"lc":2,"lj":1,"ml":4,"bm":0,"nm":"Stroke 1","mn":"ADBE Vector Graphic - Stroke","hd":false},{"ty":"tr","p":{"a":0,"k":[0,0],"ix":2},"a":{"a":0,"k":[0,0],"ix":1},"s":{"a":0,"k":[100,100],"ix":3},"r":{"a":0,"k":0,"ix":6},"o":{"a":0,"k":100,"ix":7},"sk":{"a":0,"k":0,"ix":4},"sa":{"a":0,"k":0,"ix":5},"nm":"Transform"}],"nm":"Shape 3","np":3,"cix":2,"bm":0,"ix":4,"mn":"ADBE Vector Group","hd":false},{"ty":"gr","it":[{"ind":0,"ty":"sh","ix":1,"ks":{"a":0,"k":{"i":[[0,0],[-0.478,-20.587],[12.253,-27.582]],"o":[[0,0],[1.054,45.342],[-16.645,37.47]],"v":[[10.212,468.795],[9.733,490.862],[-46.462,797.667]],"c":false},"ix":2},"nm":"Path 1","mn":"ADBE Vector Shape - Group","hd":false},{"ty":"tm","s":{"a":0,"k":0,"ix":1},"e":{"a":1,"k":[{"i":{"x":[0.833],"y":[0.833]},"o":{"x":[0.167],"y":[0.167]},"t":14,"s":[1]},{"i":{"x":[0.833],"y":[0.833]},"o":{"x":[0.167],"y":[0.167]},"t":16,"s":[5]},{"t":20,"s":[1]}],"ix":2},"o":{"a":1,"k":[{"i":{"x":[0.4],"y":[1]},"o":{"x":[0.6],"y":[0]},"t":12,"s":[-355]},{"t":21,"s":[-47]}],"ix":3},"m":1,"ix":2,"nm":"Trim Paths 1","mn":"ADBE Vector Filter - Trim","hd":false},{"ty":"st","c":{"a":1,"k":[{"i":{"x":[0.833],"y":[0.833]},"o":{"x":[0.167],"y":[0.167]},"t":14,"s":[1,1,1,1]},{"t":18,"s":[1,0.627451002598,0.184313729405,1]}],"ix":3},"o":{"a":1,"k":[{"i":{"x":[0.833],"y":[0.833]},"o":{"x":[0.167],"y":[0.167]},"t":12,"s":[0]},{"t":13,"s":[100]}],"ix":4},"w":{"a":1,"k":[{"i":{"x":[0.833],"y":[0.833]},"o":{"x":[0.167],"y":[0.167]},"t":13,"s":[3]},{"i":{"x":[0.833],"y":[0.833]},"o":{"x":[0.167],"y":[0.167]},"t":16,"s":[43]},{"t":22,"s":[0]}],"ix":5},"lc":2,"lj":1,"ml":4,"bm":0,"nm":"Stroke 1","mn":"ADBE Vector Graphic - Stroke","hd":false},{"ty":"tr","p":{"a":0,"k":[0,0],"ix":2},"a":{"a":0,"k":[0,0],"ix":1},"s":{"a":0,"k":[100,100],"ix":3},"r":{"a":0,"k":0,"ix":6},"o":{"a":0,"k":100,"ix":7},"sk":{"a":0,"k":0,"ix":4},"sa":{"a":0,"k":0,"ix":5},"nm":"Transform"}],"nm":"Shape 7","np":3,"cix":2,"bm":0,"ix":5,"mn":"ADBE Vector Group","hd":false},{"ty":"gr","it":[{"ind":0,"ty":"sh","ix":1,"ks":{"a":0,"k":{"i":[[0,0],[-12.773,16.152],[-209,-22.5]],"o":[[0,0],[99.892,-126.324],[40.764,4.388]],"v":[[160,273.5],[164.109,264.324],[645,164.5]],"c":false},"ix":2},"nm":"Path 1","mn":"ADBE Vector Shape - Group","hd":false},{"ty":"tm","s":{"a":0,"k":0,"ix":1},"e":{"a":1,"k":[{"i":{"x":[0.833],"y":[0.833]},"o":{"x":[0.167],"y":[0.167]},"t":14,"s":[1]},{"i":{"x":[0.833],"y":[0.833]},"o":{"x":[0.167],"y":[0.167]},"t":16,"s":[5]},{"t":20,"s":[1]}],"ix":2},"o":{"a":1,"k":[{"i":{"x":[0.4],"y":[1]},"o":{"x":[0.6],"y":[0]},"t":12,"s":[-355]},{"t":21,"s":[-47]}],"ix":3},"m":1,"ix":2,"nm":"Trim Paths 1","mn":"ADBE Vector Filter - Trim","hd":false},{"ty":"st","c":{"a":1,"k":[{"i":{"x":[0.833],"y":[0.833]},"o":{"x":[0.167],"y":[0.167]},"t":14,"s":[1,1,1,1]},{"t":18,"s":[1,0.627451002598,0.184313729405,1]}],"ix":3},"o":{"a":1,"k":[{"i":{"x":[0.833],"y":[0.833]},"o":{"x":[0.167],"y":[0.167]},"t":12,"s":[0]},{"t":13,"s":[100]}],"ix":4},"w":{"a":1,"k":[{"i":{"x":[0.833],"y":[0.833]},"o":{"x":[0.167],"y":[0.167]},"t":13,"s":[3]},{"i":{"x":[0.833],"y":[0.833]},"o":{"x":[0.167],"y":[0.167]},"t":16,"s":[43]},{"t":22,"s":[0]}],"ix":5},"lc":2,"lj":1,"ml":4,"bm":0,"nm":"Stroke 1","mn":"ADBE Vector Graphic - Stroke","hd":false},{"ty":"tr","p":{"a":0,"k":[0,0],"ix":2},"a":{"a":0,"k":[0,0],"ix":1},"s":{"a":0,"k":[100,100],"ix":3},"r":{"a":0,"k":0,"ix":6},"o":{"a":0,"k":100,"ix":7},"sk":{"a":0,"k":0,"ix":4},"sa":{"a":0,"k":0,"ix":5},"nm":"Transform"}],"nm":"Shape 2","np":3,"cix":2,"bm":0,"ix":6,"mn":"ADBE Vector Group","hd":false},{"ty":"gr","it":[{"ind":0,"ty":"sh","ix":1,"ks":{"a":0,"k":{"i":[[0,0],[-19.903,5.284],[-183,-132.5]],"o":[[0,0],[151.892,-40.324],[33.209,24.045]],"v":[[21,430.5],[72.108,360.324],[631,480.5]],"c":false},"ix":2},"nm":"Path 1","mn":"ADBE Vector Shape - Group","hd":false},{"ty":"tm","s":{"a":0,"k":0,"ix":1},"e":{"a":1,"k":[{"i":{"x":[0.833],"y":[0.833]},"o":{"x":[0.167],"y":[0.167]},"t":14,"s":[1]},{"i":{"x":[0.833],"y":[0.833]},"o":{"x":[0.167],"y":[0.167]},"t":16,"s":[5]},{"t":20,"s":[1]}],"ix":2},"o":{"a":1,"k":[{"i":{"x":[0.4],"y":[1]},"o":{"x":[0.6],"y":[0]},"t":12,"s":[-355]},{"t":21,"s":[-47]}],"ix":3},"m":1,"ix":2,"nm":"Trim Paths 1","mn":"ADBE Vector Filter - Trim","hd":false},{"ty":"st","c":{"a":1,"k":[{"i":{"x":[0.833],"y":[0.833]},"o":{"x":[0.167],"y":[0.167]},"t":14,"s":[1,1,1,1]},{"t":18,"s":[1,0.627451002598,0.184313729405,1]}],"ix":3},"o":{"a":1,"k":[{"i":{"x":[0.833],"y":[0.833]},"o":{"x":[0.167],"y":[0.167]},"t":12,"s":[0]},{"t":13,"s":[100]}],"ix":4},"w":{"a":1,"k":[{"i":{"x":[0.833],"y":[0.833]},"o":{"x":[0.167],"y":[0.167]},"t":13,"s":[3]},{"i":{"x":[0.833],"y":[0.833]},"o":{"x":[0.167],"y":[0.167]},"t":16,"s":[43]},{"t":22,"s":[0]}],"ix":5},"lc":2,"lj":1,"ml":4,"bm":0,"nm":"Stroke 1","mn":"ADBE Vector Graphic - Stroke","hd":false},{"ty":"tr","p":{"a":0,"k":[0,0],"ix":2},"a":{"a":0,"k":[0,0],"ix":1},"s":{"a":0,"k":[100,100],"ix":3},"r":{"a":0,"k":0,"ix":6},"o":{"a":0,"k":100,"ix":7},"sk":{"a":0,"k":0,"ix":4},"sa":{"a":0,"k":0,"ix":5},"nm":"Transform"}],"nm":"Shape 1","np":3,"cix":2,"bm":0,"ix":7,"mn":"ADBE Vector Group","hd":false}],"ip":15,"op":59,"st":-2,"bm":0},{"ddd":0,"ind":4,"ty":4,"nm":"Spark","sr":1,"ks":{"o":{"a":0,"k":100,"ix":11},"r":{"a":1,"k":[{"i":{"x":[0.4],"y":[1]},"o":{"x":[0.6],"y":[0]},"t":12,"s":[0]},{"t":22,"s":[-12]}],"ix":10},"p":{"a":0,"k":[814,1190,0],"ix":2},"a":{"a":0,"k":[14,390,0],"ix":1},"s":{"a":0,"k":[100,100,100],"ix":6}},"ao":0,"shapes":[{"ty":"gr","it":[{"ind":0,"ty":"sh","ix":1,"ks":{"a":0,"k":{"i":[[0,0],[1.355,6.986],[251,27.5]],"o":[[0,0],[-37.108,-191.324],[-40.756,-4.465]],"v":[[-5,380.5],[-8.892,354.324],[-421,14.5]],"c":false},"ix":2},"nm":"Path 1","mn":"ADBE Vector Shape - Group","hd":false},{"ty":"tm","s":{"a":0,"k":0,"ix":1},"e":{"a":1,"k":[{"i":{"x":[0.833],"y":[0.833]},"o":{"x":[0.167],"y":[0.167]},"t":14,"s":[1]},{"i":{"x":[0.833],"y":[0.833]},"o":{"x":[0.167],"y":[0.167]},"t":16,"s":[5]},{"t":20,"s":[1]}],"ix":2},"o":{"a":1,"k":[{"i":{"x":[0.4],"y":[1]},"o":{"x":[0.6],"y":[0]},"t":12,"s":[-336]},{"t":21,"s":[-47]}],"ix":3},"m":1,"ix":2,"nm":"Trim Paths 1","mn":"ADBE Vector Filter - Trim","hd":false},{"ty":"st","c":{"a":0,"k":[1,1,1,1],"ix":3},"o":{"a":1,"k":[{"i":{"x":[0.833],"y":[0.833]},"o":{"x":[0.167],"y":[0.167]},"t":12,"s":[0]},{"t":13,"s":[100]}],"ix":4},"w":{"a":1,"k":[{"i":{"x":[0.833],"y":[0.833]},"o":{"x":[0.167],"y":[0.167]},"t":13,"s":[3]},{"i":{"x":[0.833],"y":[0.833]},"o":{"x":[0.167],"y":[0.167]},"t":16,"s":[43]},{"t":22,"s":[0]}],"ix":5},"lc":2,"lj":1,"ml":4,"bm":0,"nm":"Stroke 1","mn":"ADBE Vector Graphic - Stroke","hd":false},{"ty":"tr","p":{"a":0,"k":[-30,0],"ix":2},"a":{"a":0,"k":[0,0],"ix":1},"s":{"a":0,"k":[100,100],"ix":3},"r":{"a":0,"k":0,"ix":6},"o":{"a":0,"k":100,"ix":7},"sk":{"a":0,"k":0,"ix":4},"sa":{"a":0,"k":0,"ix":5},"nm":"Transform"}],"nm":"Shape 6","np":3,"cix":2,"bm":0,"ix":1,"mn":"ADBE Vector Group","hd":false},{"ty":"gr","it":[{"ind":0,"ty":"sh","ix":1,"ks":{"a":0,"k":{"i":[[0,0],[6.11,3.647],[221,-82.5]],"o":[[0,0],[-173.108,-103.324],[-38.411,14.339]],"v":[[-12,395.5],[-18.892,388.324],[-519,368.5]],"c":false},"ix":2},"nm":"Path 1","mn":"ADBE Vector Shape - Group","hd":false},{"ty":"tm","s":{"a":0,"k":0,"ix":1},"e":{"a":1,"k":[{"i":{"x":[0.833],"y":[0.833]},"o":{"x":[0.167],"y":[0.167]},"t":14,"s":[1]},{"i":{"x":[0.833],"y":[0.833]},"o":{"x":[0.167],"y":[0.167]},"t":16,"s":[5]},{"t":20,"s":[1]}],"ix":2},"o":{"a":1,"k":[{"i":{"x":[0.4],"y":[1]},"o":{"x":[0.6],"y":[0]},"t":12,"s":[-336]},{"t":21,"s":[-47]}],"ix":3},"m":1,"ix":2,"nm":"Trim Paths 1","mn":"ADBE Vector Filter - Trim","hd":false},{"ty":"st","c":{"a":0,"k":[1,1,1,1],"ix":3},"o":{"a":1,"k":[{"i":{"x":[0.833],"y":[0.833]},"o":{"x":[0.167],"y":[0.167]},"t":12,"s":[0]},{"t":13,"s":[100]}],"ix":4},"w":{"a":1,"k":[{"i":{"x":[0.833],"y":[0.833]},"o":{"x":[0.167],"y":[0.167]},"t":13,"s":[3]},{"i":{"x":[0.833],"y":[0.833]},"o":{"x":[0.167],"y":[0.167]},"t":16,"s":[43]},{"t":22,"s":[0]}],"ix":5},"lc":2,"lj":1,"ml":4,"bm":0,"nm":"Stroke 1","mn":"ADBE Vector Graphic - Stroke","hd":false},{"ty":"tr","p":{"a":0,"k":[-30,0],"ix":2},"a":{"a":0,"k":[0,0],"ix":1},"s":{"a":0,"k":[100,100],"ix":3},"r":{"a":0,"k":0,"ix":6},"o":{"a":0,"k":100,"ix":7},"sk":{"a":0,"k":0,"ix":4},"sa":{"a":0,"k":0,"ix":5},"nm":"Transform"}],"nm":"Shape 5","np":3,"cix":2,"bm":0,"ix":2,"mn":"ADBE Vector Group","hd":false},{"ty":"gr","it":[{"ind":0,"ty":"sh","ix":1,"ks":{"a":0,"k":{"i":[[0,0],[7.072,-0.791],[83,-132.5]],"o":[[0,0],[-149.108,16.676],[-21.765,34.746]],"v":[[-12,434.5],[-29.892,436.324],[-321,662.5]],"c":false},"ix":2},"nm":"Path 1","mn":"ADBE Vector Shape - Group","hd":false},{"ty":"tm","s":{"a":0,"k":0,"ix":1},"e":{"a":1,"k":[{"i":{"x":[0.833],"y":[0.833]},"o":{"x":[0.167],"y":[0.167]},"t":14,"s":[1]},{"i":{"x":[0.833],"y":[0.833]},"o":{"x":[0.167],"y":[0.167]},"t":16,"s":[5]},{"t":20,"s":[1]}],"ix":2},"o":{"a":1,"k":[{"i":{"x":[0.4],"y":[1]},"o":{"x":[0.6],"y":[0]},"t":12,"s":[-336]},{"t":21,"s":[-47]}],"ix":3},"m":1,"ix":2,"nm":"Trim Paths 1","mn":"ADBE Vector Filter - Trim","hd":false},{"ty":"st","c":{"a":0,"k":[1,1,1,1],"ix":3},"o":{"a":1,"k":[{"i":{"x":[0.833],"y":[0.833]},"o":{"x":[0.167],"y":[0.167]},"t":12,"s":[0]},{"t":13,"s":[100]}],"ix":4},"w":{"a":1,"k":[{"i":{"x":[0.833],"y":[0.833]},"o":{"x":[0.167],"y":[0.167]},"t":13,"s":[3]},{"i":{"x":[0.833],"y":[0.833]},"o":{"x":[0.167],"y":[0.167]},"t":16,"s":[43]},{"t":22,"s":[0]}],"ix":5},"lc":2,"lj":1,"ml":4,"bm":0,"nm":"Stroke 1","mn":"ADBE Vector Graphic - Stroke","hd":false},{"ty":"tr","p":{"a":0,"k":[-30,0],"ix":2},"a":{"a":0,"k":[0,0],"ix":1},"s":{"a":0,"k":[100,100],"ix":3},"r":{"a":0,"k":0,"ix":6},"o":{"a":0,"k":100,"ix":7},"sk":{"a":0,"k":0,"ix":4},"sa":{"a":0,"k":0,"ix":5},"nm":"Transform"}],"nm":"Shape 4","np":3,"cix":2,"bm":0,"ix":3,"mn":"ADBE Vector Group","hd":false},{"ty":"gr","it":[{"ind":0,"ty":"sh","ix":1,"ks":{"a":0,"k":{"i":[[0,0],[-6.569,-2.735],[-21,-138.5]],"o":[[0,0],[68.892,28.676],[6.146,40.537]],"v":[[66,444.5],[80.108,450.324],[261,718.5]],"c":false},"ix":2},"nm":"Path 1","mn":"ADBE Vector Shape - Group","hd":false},{"ty":"tm","s":{"a":0,"k":0,"ix":1},"e":{"a":1,"k":[{"i":{"x":[0.833],"y":[0.833]},"o":{"x":[0.167],"y":[0.167]},"t":14,"s":[1]},{"i":{"x":[0.833],"y":[0.833]},"o":{"x":[0.167],"y":[0.167]},"t":16,"s":[5]},{"t":20,"s":[1]}],"ix":2},"o":{"a":1,"k":[{"i":{"x":[0.4],"y":[1]},"o":{"x":[0.6],"y":[0]},"t":12,"s":[-336]},{"t":21,"s":[-47]}],"ix":3},"m":1,"ix":2,"nm":"Trim Paths 1","mn":"ADBE Vector Filter - Trim","hd":false},{"ty":"st","c":{"a":0,"k":[1,1,1,1],"ix":3},"o":{"a":1,"k":[{"i":{"x":[0.833],"y":[0.833]},"o":{"x":[0.167],"y":[0.167]},"t":12,"s":[0]},{"t":13,"s":[100]}],"ix":4},"w":{"a":1,"k":[{"i":{"x":[0.833],"y":[0.833]},"o":{"x":[0.167],"y":[0.167]},"t":13,"s":[3]},{"i":{"x":[0.833],"y":[0.833]},"o":{"x":[0.167],"y":[0.167]},"t":16,"s":[43]},{"t":22,"s":[0]}],"ix":5},"lc":2,"lj":1,"ml":4,"bm":0,"nm":"Stroke 1","mn":"ADBE Vector Graphic - Stroke","hd":false},{"ty":"tr","p":{"a":0,"k":[0,0],"ix":2},"a":{"a":0,"k":[0,0],"ix":1},"s":{"a":0,"k":[100,100],"ix":3},"r":{"a":0,"k":0,"ix":6},"o":{"a":0,"k":100,"ix":7},"sk":{"a":0,"k":0,"ix":4},"sa":{"a":0,"k":0,"ix":5},"nm":"Transform"}],"nm":"Shape 3","np":3,"cix":2,"bm":0,"ix":4,"mn":"ADBE Vector Group","hd":false},{"ty":"gr","it":[{"ind":0,"ty":"sh","ix":1,"ks":{"a":0,"k":{"i":[[0,0],[-0.478,-20.587],[12.253,-27.582]],"o":[[0,0],[1.054,45.342],[-16.645,37.47]],"v":[[10.212,468.795],[9.733,490.862],[-46.462,797.667]],"c":false},"ix":2},"nm":"Path 1","mn":"ADBE Vector Shape - Group","hd":false},{"ty":"tm","s":{"a":0,"k":0,"ix":1},"e":{"a":1,"k":[{"i":{"x":[0.833],"y":[0.833]},"o":{"x":[0.167],"y":[0.167]},"t":14,"s":[1]},{"i":{"x":[0.833],"y":[0.833]},"o":{"x":[0.167],"y":[0.167]},"t":16,"s":[5]},{"t":20,"s":[1]}],"ix":2},"o":{"a":1,"k":[{"i":{"x":[0.4],"y":[1]},"o":{"x":[0.6],"y":[0]},"t":12,"s":[-336]},{"t":21,"s":[-47]}],"ix":3},"m":1,"ix":2,"nm":"Trim Paths 1","mn":"ADBE Vector Filter - Trim","hd":false},{"ty":"st","c":{"a":0,"k":[1,1,1,1],"ix":3},"o":{"a":1,"k":[{"i":{"x":[0.833],"y":[0.833]},"o":{"x":[0.167],"y":[0.167]},"t":12,"s":[0]},{"t":13,"s":[100]}],"ix":4},"w":{"a":1,"k":[{"i":{"x":[0.833],"y":[0.833]},"o":{"x":[0.167],"y":[0.167]},"t":13,"s":[3]},{"i":{"x":[0.833],"y":[0.833]},"o":{"x":[0.167],"y":[0.167]},"t":16,"s":[43]},{"t":22,"s":[0]}],"ix":5},"lc":2,"lj":1,"ml":4,"bm":0,"nm":"Stroke 1","mn":"ADBE Vector Graphic - Stroke","hd":false},{"ty":"tr","p":{"a":0,"k":[0,0],"ix":2},"a":{"a":0,"k":[0,0],"ix":1},"s":{"a":0,"k":[100,100],"ix":3},"r":{"a":0,"k":0,"ix":6},"o":{"a":0,"k":100,"ix":7},"sk":{"a":0,"k":0,"ix":4},"sa":{"a":0,"k":0,"ix":5},"nm":"Transform"}],"nm":"Shape 7","np":3,"cix":2,"bm":0,"ix":5,"mn":"ADBE Vector Group","hd":false},{"ty":"gr","it":[{"ind":0,"ty":"sh","ix":1,"ks":{"a":0,"k":{"i":[[0,0],[-12.773,16.152],[-209,-22.5]],"o":[[0,0],[99.892,-126.324],[40.764,4.388]],"v":[[160,273.5],[164.109,264.324],[645,164.5]],"c":false},"ix":2},"nm":"Path 1","mn":"ADBE Vector Shape - Group","hd":false},{"ty":"tm","s":{"a":0,"k":0,"ix":1},"e":{"a":1,"k":[{"i":{"x":[0.833],"y":[0.833]},"o":{"x":[0.167],"y":[0.167]},"t":14,"s":[1]},{"i":{"x":[0.833],"y":[0.833]},"o":{"x":[0.167],"y":[0.167]},"t":16,"s":[5]},{"t":20,"s":[1]}],"ix":2},"o":{"a":1,"k":[{"i":{"x":[0.4],"y":[1]},"o":{"x":[0.6],"y":[0]},"t":12,"s":[-336]},{"t":21,"s":[-47]}],"ix":3},"m":1,"ix":2,"nm":"Trim Paths 1","mn":"ADBE Vector Filter - Trim","hd":false},{"ty":"st","c":{"a":0,"k":[1,1,1,1],"ix":3},"o":{"a":1,"k":[{"i":{"x":[0.833],"y":[0.833]},"o":{"x":[0.167],"y":[0.167]},"t":12,"s":[0]},{"t":13,"s":[100]}],"ix":4},"w":{"a":1,"k":[{"i":{"x":[0.833],"y":[0.833]},"o":{"x":[0.167],"y":[0.167]},"t":13,"s":[3]},{"i":{"x":[0.833],"y":[0.833]},"o":{"x":[0.167],"y":[0.167]},"t":16,"s":[43]},{"t":22,"s":[0]}],"ix":5},"lc":2,"lj":1,"ml":4,"bm":0,"nm":"Stroke 1","mn":"ADBE Vector Graphic - Stroke","hd":false},{"ty":"tr","p":{"a":0,"k":[0,0],"ix":2},"a":{"a":0,"k":[0,0],"ix":1},"s":{"a":0,"k":[100,100],"ix":3},"r":{"a":0,"k":0,"ix":6},"o":{"a":0,"k":100,"ix":7},"sk":{"a":0,"k":0,"ix":4},"sa":{"a":0,"k":0,"ix":5},"nm":"Transform"}],"nm":"Shape 2","np":3,"cix":2,"bm":0,"ix":6,"mn":"ADBE Vector Group","hd":false},{"ty":"gr","it":[{"ind":0,"ty":"sh","ix":1,"ks":{"a":0,"k":{"i":[[0,0],[-19.903,5.284],[-183,-132.5]],"o":[[0,0],[151.892,-40.324],[33.209,24.045]],"v":[[21,430.5],[72.108,360.324],[631,480.5]],"c":false},"ix":2},"nm":"Path 1","mn":"ADBE Vector Shape - Group","hd":false},{"ty":"tm","s":{"a":0,"k":0,"ix":1},"e":{"a":1,"k":[{"i":{"x":[0.833],"y":[0.833]},"o":{"x":[0.167],"y":[0.167]},"t":14,"s":[1]},{"i":{"x":[0.833],"y":[0.833]},"o":{"x":[0.167],"y":[0.167]},"t":16,"s":[5]},{"t":20,"s":[1]}],"ix":2},"o":{"a":1,"k":[{"i":{"x":[0.4],"y":[1]},"o":{"x":[0.6],"y":[0]},"t":12,"s":[-336]},{"t":21,"s":[-47]}],"ix":3},"m":1,"ix":2,"nm":"Trim Paths 1","mn":"ADBE Vector Filter - Trim","hd":false},{"ty":"st","c":{"a":0,"k":[1,1,1,1],"ix":3},"o":{"a":1,"k":[{"i":{"x":[0.833],"y":[0.833]},"o":{"x":[0.167],"y":[0.167]},"t":12,"s":[0]},{"t":13,"s":[100]}],"ix":4},"w":{"a":1,"k":[{"i":{"x":[0.833],"y":[0.833]},"o":{"x":[0.167],"y":[0.167]},"t":13,"s":[3]},{"i":{"x":[0.833],"y":[0.833]},"o":{"x":[0.167],"y":[0.167]},"t":16,"s":[43]},{"t":22,"s":[0]}],"ix":5},"lc":2,"lj":1,"ml":4,"bm":0,"nm":"Stroke 1","mn":"ADBE Vector Graphic - Stroke","hd":false},{"ty":"tr","p":{"a":0,"k":[0,0],"ix":2},"a":{"a":0,"k":[0,0],"ix":1},"s":{"a":0,"k":[100,100],"ix":3},"r":{"a":0,"k":0,"ix":6},"o":{"a":0,"k":100,"ix":7},"sk":{"a":0,"k":0,"ix":4},"sa":{"a":0,"k":0,"ix":5},"nm":"Transform"}],"nm":"Shape 1","np":3,"cix":2,"bm":0,"ix":7,"mn":"ADBE Vector Group","hd":false}],"ip":15,"op":59,"st":-2,"bm":0},{"ddd":0,"ind":5,"ty":4,"nm":"Star Dash In","sr":1,"ks":{"o":{"a":0,"k":100,"ix":11},"r":{"a":0,"k":0,"ix":10},"p":{"a":0,"k":[800,800,0],"ix":2},"a":{"a":0,"k":[0,0,0],"ix":1},"s":{"a":0,"k":[100,100,100],"ix":6}},"ao":0,"shapes":[{"ty":"gr","it":[{"ind":0,"ty":"sh","ix":1,"ks":{"a":1,"k":[{"i":{"x":0.4,"y":1},"o":{"x":0.167,"y":0.167},"t":25,"s":[{"i":[[0,2.35],[-2.35,0],[0,0],[0,-2.349],[2.35,0],[0,0]],"o":[[0,-2.349],[0,0],[2.35,0],[0,2.35],[0,0],[-2.35,0]],"v":[[-363.863,214.731],[-359.609,210.476],[-359.254,210.476],[-355,214.731],[-359.254,218.985],[-359.609,218.985]],"c":true}]},{"i":{"x":0.4,"y":1},"o":{"x":0.167,"y":0},"t":28,"s":[{"i":[[0,21.291],[-21.288,0],[0,0],[0,-21.286],[21.288,0],[0,0]],"o":[[0,-21.286],[0,0],[21.288,0],[0,21.291],[0,0],[-21.288,0]],"v":[[-399.582,214.731],[-361.038,176.187],[-357.825,176.187],[-319.281,214.731],[-357.825,253.274],[-361.038,253.274]],"c":true}]},{"t":33,"s":[{"i":[[0,21.291],[-21.288,0],[0,0],[0,-21.286],[21.288,0],[0,0]],"o":[[0,-21.286],[0,0],[21.288,0],[0,21.291],[0,0],[-21.288,0]],"v":[[-399.582,214.731],[-361.038,176.187],[-173.825,176.187],[-135.281,214.731],[-173.825,253.274],[-361.038,253.274]],"c":true}]}],"ix":2},"nm":"Path 1","mn":"ADBE Vector Shape - Group","hd":false},{"ty":"fl","c":{"a":0,"k":[1,0.62744140625,0.184295654297,1],"ix":4},"o":{"a":0,"k":100,"ix":5},"r":1,"bm":0,"nm":"Fill 1","mn":"ADBE Vector Graphic - Fill","hd":false},{"ty":"tr","p":{"a":1,"k":[{"i":{"x":0.2,"y":1},"o":{"x":0.8,"y":0},"t":24,"s":[-60,0],"to":[10,0],"ti":[-10,0]},{"t":33,"s":[0,0]}],"ix":2},"a":{"a":0,"k":[0,0],"ix":1},"s":{"a":0,"k":[100,100],"ix":3},"r":{"a":0,"k":0,"ix":6},"o":{"a":1,"k":[{"i":{"x":[0.833],"y":[0.833]},"o":{"x":[0.167],"y":[0.167]},"t":24,"s":[0]},{"t":25,"s":[100]}],"ix":7},"sk":{"a":0,"k":0,"ix":4},"sa":{"a":0,"k":0,"ix":5},"nm":"Transform"}],"nm":"Shape 4","np":3,"cix":2,"bm":0,"ix":1,"mn":"ADBE Vector Group","hd":false},{"ty":"gr","it":[{"ind":0,"ty":"sh","ix":1,"ks":{"a":1,"k":[{"i":{"x":0.4,"y":1},"o":{"x":0.167,"y":0.167},"t":24,"s":[{"i":[[0,0],[0,-2.475],[-2.475,0],[0,0],[0,2.475],[2.475,0]],"o":[[-2.475,0],[0,2.475],[0,0],[2.475,0],[0,-2.475],[0,0]],"v":[[-405.48,-10],[-409.961,-5.519],[-405.48,-1.038],[-405.583,-1.038],[-401.102,-5.519],[-405.583,-10]],"c":true}]},{"i":{"x":0.4,"y":1},"o":{"x":0.167,"y":0},"t":27,"s":[{"i":[[0,0],[0,-21.288],[-21.288,0],[0,0],[0,21.288],[21.288,0]],"o":[[-21.288,0],[0,21.288],[0,0],[21.288,0],[0,-21.288],[0,0]],"v":[[-405.088,-44.063],[-443.632,-5.519],[-405.088,33.025],[-405.975,33.025],[-367.432,-5.519],[-405.975,-44.063]],"c":true}]},{"t":32,"s":[{"i":[[0,0],[0,-21.288],[-21.288,0],[0,0],[0,21.288],[21.288,0]],"o":[[-21.288,0],[0,21.288],[0,0],[21.288,0],[0,-21.288],[0,0]],"v":[[-405.088,-44.063],[-443.632,-5.519],[-405.088,33.025],[-305.975,33.025],[-267.432,-5.519],[-305.975,-44.063]],"c":true}]}],"ix":2},"nm":"Path 1","mn":"ADBE Vector Shape - Group","hd":false},{"ty":"fl","c":{"a":0,"k":[1,0.62744140625,0.184295654297,1],"ix":4},"o":{"a":0,"k":100,"ix":5},"r":1,"bm":0,"nm":"Fill 1","mn":"ADBE Vector Graphic - Fill","hd":false},{"ty":"tr","p":{"a":1,"k":[{"i":{"x":0.2,"y":1},"o":{"x":0.8,"y":0},"t":23,"s":[-60,0],"to":[10,0],"ti":[-10,0]},{"t":32,"s":[0,0]}],"ix":2},"a":{"a":0,"k":[0,0],"ix":1},"s":{"a":0,"k":[100,100],"ix":3},"r":{"a":0,"k":0,"ix":6},"o":{"a":1,"k":[{"i":{"x":[0.833],"y":[0.833]},"o":{"x":[0.167],"y":[0.167]},"t":23,"s":[0]},{"t":24,"s":[100]}],"ix":7},"sk":{"a":0,"k":0,"ix":4},"sa":{"a":0,"k":0,"ix":5},"nm":"Transform"}],"nm":"Shape 3","np":3,"cix":2,"bm":0,"ix":2,"mn":"ADBE Vector Group","hd":false},{"ty":"gr","it":[{"ind":0,"ty":"sh","ix":1,"ks":{"a":1,"k":[{"i":{"x":0.4,"y":1},"o":{"x":0.167,"y":0.167},"t":23,"s":[{"i":[[0,2.889],[-2.889,0],[0,0],[0,-2.889],[2.889,0],[0,0]],"o":[[0,-2.889],[0,0],[2.889,0],[0,2.889],[0,0],[-2.889,0]],"v":[[-321.705,-225.769],[-316.475,-231],[-316.313,-231],[-311.083,-225.769],[-316.313,-220.539],[-316.475,-220.539]],"c":true}]},{"i":{"x":0.4,"y":1},"o":{"x":0.167,"y":0},"t":26,"s":[{"i":[[0,21.288],[-21.288,0],[0,0],[0,-21.288],[21.288,0],[0,0]],"o":[[0,-21.288],[0,0],[21.288,0],[0,21.288],[0,0],[-21.288,0]],"v":[[-355.532,-225.769],[-316.988,-264.313],[-315.8,-264.313],[-277.256,-225.769],[-315.8,-187.225],[-316.988,-187.225]],"c":true}]},{"t":31,"s":[{"i":[[0,21.288],[-21.288,0],[0,0],[0,-21.288],[21.288,0],[0,0]],"o":[[0,-21.288],[0,0],[21.288,0],[0,21.288],[0,0],[-21.288,0]],"v":[[-355.532,-225.769],[-316.988,-264.313],[-151.8,-264.313],[-113.256,-225.769],[-151.8,-187.225],[-316.988,-187.225]],"c":true}]}],"ix":2},"nm":"Path 1","mn":"ADBE Vector Shape - Group","hd":false},{"ty":"fl","c":{"a":0,"k":[1,0.62744140625,0.184295654297,1],"ix":4},"o":{"a":0,"k":100,"ix":5},"r":1,"bm":0,"nm":"Fill 1","mn":"ADBE Vector Graphic - Fill","hd":false},{"ty":"tr","p":{"a":1,"k":[{"i":{"x":0.2,"y":1},"o":{"x":0.8,"y":0},"t":22,"s":[-60,0],"to":[10,0],"ti":[-10,0]},{"t":31,"s":[0,0]}],"ix":2},"a":{"a":0,"k":[0,0],"ix":1},"s":{"a":0,"k":[100,100],"ix":3},"r":{"a":0,"k":0,"ix":6},"o":{"a":1,"k":[{"i":{"x":[0.833],"y":[0.833]},"o":{"x":[0.167],"y":[0.167]},"t":22,"s":[0]},{"t":23,"s":[100]}],"ix":7},"sk":{"a":0,"k":0,"ix":4},"sa":{"a":0,"k":0,"ix":5},"nm":"Transform"}],"nm":"Shape 2","np":3,"cix":2,"bm":0,"ix":3,"mn":"ADBE Vector Group","hd":false}],"ip":22,"op":71,"st":16,"bm":0},{"ddd":0,"ind":6,"ty":4,"nm":"Star Dash In 2","sr":1,"ks":{"o":{"a":0,"k":100,"ix":11},"r":{"a":0,"k":0,"ix":10},"p":{"a":0,"k":[800,800,0],"ix":2},"a":{"a":0,"k":[0,0,0],"ix":1},"s":{"a":0,"k":[100,100,100],"ix":6}},"ao":0,"shapes":[{"ty":"gr","it":[{"ind":0,"ty":"sh","ix":1,"ks":{"a":1,"k":[{"i":{"x":0.4,"y":1},"o":{"x":0.167,"y":0.167},"t":24,"s":[{"i":[[0,2.35],[-2.35,0],[0,0],[0,-2.349],[2.35,0],[0,0]],"o":[[0,-2.349],[0,0],[2.35,0],[0,2.35],[0,0],[-2.35,0]],"v":[[-363.863,214.731],[-359.609,210.476],[-359.254,210.476],[-355,214.731],[-359.254,218.985],[-359.609,218.985]],"c":true}]},{"i":{"x":0.4,"y":1},"o":{"x":0.167,"y":0},"t":27,"s":[{"i":[[0,21.291],[-21.288,0],[0,0],[0,-21.286],[21.288,0],[0,0]],"o":[[0,-21.286],[0,0],[21.288,0],[0,21.291],[0,0],[-21.288,0]],"v":[[-399.582,214.731],[-361.038,176.187],[-357.825,176.187],[-319.281,214.731],[-357.825,253.274],[-361.038,253.274]],"c":true}]},{"t":32,"s":[{"i":[[0,21.291],[-21.288,0],[0,0],[0,-21.286],[21.288,0],[0,0]],"o":[[0,-21.286],[0,0],[21.288,0],[0,21.291],[0,0],[-21.288,0]],"v":[[-399.582,214.731],[-361.038,176.187],[-173.825,176.187],[-135.281,214.731],[-173.825,253.274],[-361.038,253.274]],"c":true}]}],"ix":2},"nm":"Path 1","mn":"ADBE Vector Shape - Group","hd":false},{"ty":"fl","c":{"a":0,"k":[1,1,1,1],"ix":4},"o":{"a":0,"k":100,"ix":5},"r":1,"bm":0,"nm":"Fill 1","mn":"ADBE Vector Graphic - Fill","hd":false},{"ty":"tr","p":{"a":1,"k":[{"i":{"x":0.2,"y":1},"o":{"x":0.8,"y":0},"t":23,"s":[-60,0],"to":[10,0],"ti":[-10,0]},{"t":32,"s":[0,0]}],"ix":2},"a":{"a":0,"k":[0,0],"ix":1},"s":{"a":0,"k":[100,100],"ix":3},"r":{"a":0,"k":0,"ix":6},"o":{"a":1,"k":[{"i":{"x":[0.833],"y":[0.833]},"o":{"x":[0.167],"y":[0.167]},"t":23,"s":[0]},{"t":24,"s":[100]}],"ix":7},"sk":{"a":0,"k":0,"ix":4},"sa":{"a":0,"k":0,"ix":5},"nm":"Transform"}],"nm":"Shape 4","np":3,"cix":2,"bm":0,"ix":1,"mn":"ADBE Vector Group","hd":false},{"ty":"gr","it":[{"ind":0,"ty":"sh","ix":1,"ks":{"a":1,"k":[{"i":{"x":0.4,"y":1},"o":{"x":0.167,"y":0.167},"t":23,"s":[{"i":[[0,0],[0,-2.475],[-2.475,0],[0,0],[0,2.475],[2.475,0]],"o":[[-2.475,0],[0,2.475],[0,0],[2.475,0],[0,-2.475],[0,0]],"v":[[-405.48,-10],[-409.961,-5.519],[-405.48,-1.038],[-405.583,-1.038],[-401.102,-5.519],[-405.583,-10]],"c":true}]},{"i":{"x":0.4,"y":1},"o":{"x":0.167,"y":0},"t":26,"s":[{"i":[[0,0],[0,-21.288],[-21.288,0],[0,0],[0,21.288],[21.288,0]],"o":[[-21.288,0],[0,21.288],[0,0],[21.288,0],[0,-21.288],[0,0]],"v":[[-405.088,-44.063],[-443.632,-5.519],[-405.088,33.025],[-405.975,33.025],[-367.432,-5.519],[-405.975,-44.063]],"c":true}]},{"t":31,"s":[{"i":[[0,0],[0,-21.288],[-21.288,0],[0,0],[0,21.288],[21.288,0]],"o":[[-21.288,0],[0,21.288],[0,0],[21.288,0],[0,-21.288],[0,0]],"v":[[-405.088,-44.063],[-443.632,-5.519],[-405.088,33.025],[-305.975,33.025],[-267.432,-5.519],[-305.975,-44.063]],"c":true}]}],"ix":2},"nm":"Path 1","mn":"ADBE Vector Shape - Group","hd":false},{"ty":"fl","c":{"a":0,"k":[1,1,1,1],"ix":4},"o":{"a":0,"k":100,"ix":5},"r":1,"bm":0,"nm":"Fill 1","mn":"ADBE Vector Graphic - Fill","hd":false},{"ty":"tr","p":{"a":1,"k":[{"i":{"x":0.2,"y":1},"o":{"x":0.8,"y":0},"t":22,"s":[-60,0],"to":[10,0],"ti":[-10,0]},{"t":31,"s":[0,0]}],"ix":2},"a":{"a":0,"k":[0,0],"ix":1},"s":{"a":0,"k":[100,100],"ix":3},"r":{"a":0,"k":0,"ix":6},"o":{"a":1,"k":[{"i":{"x":[0.833],"y":[0.833]},"o":{"x":[0.167],"y":[0.167]},"t":22,"s":[0]},{"t":23,"s":[100]}],"ix":7},"sk":{"a":0,"k":0,"ix":4},"sa":{"a":0,"k":0,"ix":5},"nm":"Transform"}],"nm":"Shape 3","np":3,"cix":2,"bm":0,"ix":2,"mn":"ADBE Vector Group","hd":false},{"ty":"gr","it":[{"ind":0,"ty":"sh","ix":1,"ks":{"a":1,"k":[{"i":{"x":0.4,"y":1},"o":{"x":0.167,"y":0.167},"t":22,"s":[{"i":[[0,2.889],[-2.889,0],[0,0],[0,-2.889],[2.889,0],[0,0]],"o":[[0,-2.889],[0,0],[2.889,0],[0,2.889],[0,0],[-2.889,0]],"v":[[-321.705,-225.769],[-316.475,-231],[-316.313,-231],[-311.083,-225.769],[-316.313,-220.539],[-316.475,-220.539]],"c":true}]},{"i":{"x":0.4,"y":1},"o":{"x":0.167,"y":0},"t":25,"s":[{"i":[[0,21.288],[-21.288,0],[0,0],[0,-21.288],[21.288,0],[0,0]],"o":[[0,-21.288],[0,0],[21.288,0],[0,21.288],[0,0],[-21.288,0]],"v":[[-355.532,-225.769],[-316.988,-264.313],[-315.8,-264.313],[-277.256,-225.769],[-315.8,-187.225],[-316.988,-187.225]],"c":true}]},{"t":30,"s":[{"i":[[0,21.288],[-21.288,0],[0,0],[0,-21.288],[21.288,0],[0,0]],"o":[[0,-21.288],[0,0],[21.288,0],[0,21.288],[0,0],[-21.288,0]],"v":[[-355.532,-225.769],[-316.988,-264.313],[-151.8,-264.313],[-113.256,-225.769],[-151.8,-187.225],[-316.988,-187.225]],"c":true}]}],"ix":2},"nm":"Path 1","mn":"ADBE Vector Shape - Group","hd":false},{"ty":"fl","c":{"a":0,"k":[1,1,1,1],"ix":4},"o":{"a":0,"k":100,"ix":5},"r":1,"bm":0,"nm":"Fill 1","mn":"ADBE Vector Graphic - Fill","hd":false},{"ty":"tr","p":{"a":1,"k":[{"i":{"x":0.2,"y":1},"o":{"x":0.8,"y":0},"t":21,"s":[-60,0],"to":[10,0],"ti":[-10,0]},{"t":30,"s":[0,0]}],"ix":2},"a":{"a":0,"k":[0,0],"ix":1},"s":{"a":0,"k":[100,100],"ix":3},"r":{"a":0,"k":0,"ix":6},"o":{"a":1,"k":[{"i":{"x":[0.833],"y":[0.833]},"o":{"x":[0.167],"y":[0.167]},"t":21,"s":[0]},{"t":22,"s":[100]}],"ix":7},"sk":{"a":0,"k":0,"ix":4},"sa":{"a":0,"k":0,"ix":5},"nm":"Transform"}],"nm":"Shape 2","np":3,"cix":2,"bm":0,"ix":3,"mn":"ADBE Vector Group","hd":false}],"ip":21,"op":34,"st":15,"bm":0},{"ddd":0,"ind":7,"ty":1,"nm":"Zap In Mask","td":1,"sr":1,"ks":{"o":{"a":0,"k":100,"ix":11},"r":{"a":0,"k":0,"ix":10},"p":{"a":0,"k":[800,-250,0],"ix":2},"a":{"a":0,"k":[1000,1000,0],"ix":1},"s":{"a":0,"k":[154.819,50,100],"ix":6}},"ao":0,"sw":2000,"sh":2000,"sc":"#b25151","ip":6,"op":61,"st":0,"bm":0},{"ddd":0,"ind":8,"ty":4,"nm":"Zap In","tt":2,"sr":1,"ks":{"o":{"a":0,"k":100,"ix":11},"r":{"a":1,"k":[{"i":{"x":[0.712],"y":[1]},"o":{"x":[0.422],"y":[0]},"t":11,"s":[45]},{"t":14,"s":[0]}],"ix":10},"p":{"a":1,"k":[{"i":{"x":0.998,"y":1},"o":{"x":0.326,"y":0},"t":11,"s":[1400,-66,0],"to":[-320,140.333,0],"ti":[90,-388.333,0]},{"t":14,"s":[800,800,0]}],"ix":2},"a":{"a":0,"k":[0,0,0],"ix":1},"s":{"a":0,"k":[100,100,100],"ix":6}},"ao":0,"shapes":[{"ty":"gr","it":[{"ind":0,"ty":"sh","ix":1,"ks":{"a":1,"k":[{"i":{"x":0.4,"y":1},"o":{"x":0.001,"y":0},"t":14,"s":[{"i":[[0,0],[11.854,-24.747],[0,0],[-8.245,44.5],[0,0],[0,0],[-6.137,21.277],[-109.472,85.584],[8.971,-44.074],[0,0]],"o":[[17.889,0],[-153.304,171.934],[-27.254,36.782],[0,0],[0,0],[-18.182,0],[44.863,-150.723],[28.39,-29.304],[0,0],[0,0]],"v":[[381.019,-179.626],[398.913,-146.107],[31.329,415.621],[-47.759,383.523],[42.236,108.739],[-79.349,158.739],[-96.863,124.723],[217.472,-397.584],[293.656,-369.786],[218.166,-128.678]],"c":true}]},{"i":{"x":0.4,"y":1},"o":{"x":0.167,"y":0},"t":16,"s":[{"i":[[-74.337,29.678],[2.769,-23.841],[42.415,-34.984],[4.441,20.529],[18.764,41.261],[30.349,19.261],[-16.137,25.277],[-18.528,32.416],[-7.656,-56.214],[0,0]],"o":[[24.663,-8.322],[-33.231,203.16],[-28.647,6.432],[0,0],[-20.236,-0.739],[-20.651,-11.738],[78.863,-66.723],[18.528,-32.416],[10.344,75.786],[0,0]],"v":[[333.337,-17.678],[373.231,16.841],[43.647,438.568],[-36.441,425.471],[-21.764,194.739],[-203.349,156.738],[-218.863,98.723],[83.472,-237.584],[161.656,-203.786],[110.166,23.322]],"c":true}]},{"i":{"x":0.4,"y":1},"o":{"x":0.167,"y":0},"t":17,"s":[{"i":[[-74.337,29.678],[2.769,-23.841],[46.227,-29.766],[-2.559,47.529],[18.764,41.261],[30.349,19.261],[-16.137,25.277],[-18.528,32.416],[-7.656,-56.214],[0,0]],"o":[[24.663,-8.322],[-33.231,203.16],[-44.647,0.432],[0,0],[-20.236,-0.739],[-20.651,-11.739],[78.863,-66.723],[18.528,-32.416],[10.344,75.786],[0,0]],"v":[[303.337,57.322],[343.231,91.841],[40.647,438.568],[-37.441,402.471],[-39.764,242.739],[-221.349,204.738],[-236.863,146.723],[43.472,-126.584],[121.656,-92.786],[80.166,98.322]],"c":true}]},{"t":19,"s":[{"i":[[0,0],[10.401,-14.029],[0,0],[-8.245,44.5],[0,0],[0,0],[-10.998,13.954],[0,0],[8.972,-44.074],[0,0]],"o":[[17.889,0],[0,0],[-27.254,36.782],[0,0],[0,0],[-18.182,0],[0,0],[28.182,-35.766],[0,0],[0,0]],"v":[[415.337,-136.678],[433.231,-103.159],[43.647,422.569],[-35.441,390.471],[18.236,100.739],[-201.349,100.739],[-218.863,66.723],[167.472,-423.584],[245.656,-389.786],[194.166,-136.678]],"c":true}]}],"ix":2},"nm":"Path 1","mn":"ADBE Vector Shape - Group","hd":false},{"ty":"fl","c":{"a":1,"k":[{"i":{"x":[0.833],"y":[0.833]},"o":{"x":[0.167],"y":[0.167]},"t":14,"s":[1,1,1,1]},{"i":{"x":[0.833],"y":[0.833]},"o":{"x":[0.167],"y":[0.167]},"t":15,"s":[1,0.627451002598,0.184313729405,1]},{"i":{"x":[0.833],"y":[0.833]},"o":{"x":[0.167],"y":[0.167]},"t":16,"s":[1,1,1,1]},{"i":{"x":[0.833],"y":[0.833]},"o":{"x":[0.167],"y":[0.167]},"t":17,"s":[1,0.627451002598,0.184313729405,1]},{"i":{"x":[0.833],"y":[0.833]},"o":{"x":[0.167],"y":[0.167]},"t":18,"s":[1,1,1,1]},{"i":{"x":[0.833],"y":[0.833]},"o":{"x":[0.167],"y":[0.167]},"t":19,"s":[1,0.627451002598,0.184313729405,1]},{"i":{"x":[0.833],"y":[0.833]},"o":{"x":[0.167],"y":[0.167]},"t":20,"s":[1,1,1,1]},{"t":21,"s":[1,0.627451002598,0.184313729405,1]}],"ix":4},"o":{"a":0,"k":100,"ix":5},"r":1,"bm":0,"nm":"Fill 1","mn":"ADBE Vector Graphic - Fill","hd":false},{"ty":"tr","p":{"a":0,"k":[0,0],"ix":2},"a":{"a":0,"k":[0,0],"ix":1},"s":{"a":0,"k":[100,100],"ix":3},"r":{"a":0,"k":0,"ix":6},"o":{"a":0,"k":100,"ix":7},"sk":{"a":0,"k":0,"ix":4},"sa":{"a":0,"k":0,"ix":5},"nm":"Transform"}],"nm":"Shape 1","np":3,"cix":2,"bm":0,"ix":1,"mn":"ADBE Vector Group","hd":false}],"ip":6,"op":61,"st":6,"bm":0},{"ddd":0,"ind":9,"ty":1,"nm":"Zap Out Mask","td":1,"sr":1,"ks":{"o":{"a":0,"k":100,"ix":11},"r":{"a":0,"k":0,"ix":10},"p":{"a":0,"k":[800,1774,0],"ix":2},"a":{"a":0,"k":[1000,1000,0],"ix":1},"s":{"a":0,"k":[100,51.6,100],"ix":6}},"ao":0,"sw":2000,"sh":2000,"sc":"#b25151","ip":0,"op":61,"st":0,"bm":0},{"ddd":0,"ind":10,"ty":4,"nm":"Zap Out","tt":2,"sr":1,"ks":{"o":{"a":0,"k":100,"ix":11},"r":{"a":1,"k":[{"i":{"x":[0.999],"y":[1]},"o":{"x":[0.6],"y":[0]},"t":6,"s":[0]},{"t":12,"s":[-12.1]}],"ix":10},"p":{"a":1,"k":[{"i":{"x":0.4,"y":1},"o":{"x":0.6,"y":0},"t":0,"s":[800,800,0],"to":[0,0,0],"ti":[0,0,0]},{"i":{"x":0.999,"y":1},"o":{"x":0.6,"y":0},"t":6,"s":[850,702,0],"to":[0,0,0],"ti":[61.667,-551,0]},{"t":12,"s":[328,1762,0]}],"ix":2},"a":{"a":0,"k":[0,0,0],"ix":1},"s":{"a":0,"k":[100,100,100],"ix":6}},"ao":0,"hasMask":true,"masksProperties":[{"inv":false,"mode":"s","pt":{"a":1,"k":[{"i":{"x":0.4,"y":1},"o":{"x":0.6,"y":0},"t":0,"s":[{"i":[[0,0],[0,0],[0,0],[0,0],[0,0],[0,0]],"o":[[0,0],[0,0],[0,0],[0,0],[0,0],[0,0]],"v":[[101.138,-61.986],[143.265,-269.065],[-90.054,27.047],[110.668,27.047],[66.549,265.193],[309.001,-61.986]],"c":true}]},{"i":{"x":0.833,"y":1},"o":{"x":0.6,"y":0},"t":6,"s":[{"i":[[0,0],[0,0],[0,0],[0,0],[0,0],[0,0]],"o":[[0,0],[0,0],[0,0],[0,0],[0,0],[0,0]],"v":[[134.138,-96.986],[152.265,-236.065],[-46.054,-38.953],[184.668,-64.953],[137.549,156.193],[329.001,-122.986]],"c":true}]},{"t":9,"s":[{"i":[[0,0],[-1.641,24.148],[0,0],[0,0],[0,0],[-104.081,129.05]],"o":[[0,0],[-78.547,99.038],[0,0],[0,0],[0,0],[-27.838,4.667]],"v":[[101.138,-61.986],[143.265,-269.065],[-36.054,49.047],[110.668,27.047],[66.549,265.193],[287.001,-97.986]],"c":true}]}],"ix":1},"o":{"a":0,"k":100,"ix":3},"x":{"a":0,"k":0,"ix":4},"nm":"Mask 1"}],"shapes":[{"ty":"gr","it":[{"ind":0,"ty":"sh","ix":1,"ks":{"a":1,"k":[{"i":{"x":0.4,"y":1},"o":{"x":0.6,"y":0},"t":0,"s":[{"i":[[0,0],[10.401,-14.029],[0,0],[-8.245,44.5],[0,0],[0,0],[-10.998,13.954],[0,0],[8.972,-44.074],[0,0]],"o":[[17.889,0],[0,0],[-27.254,36.782],[0,0],[0,0],[-18.182,0],[0,0],[28.182,-35.766],[0,0],[0,0]],"v":[[415.337,-136.678],[433.231,-103.159],[43.647,422.569],[-35.441,390.471],[18.236,100.739],[-201.349,100.739],[-218.863,66.723],[167.472,-423.584],[245.656,-389.786],[194.166,-136.678]],"c":true}]},{"i":{"x":0.833,"y":1},"o":{"x":0.6,"y":0},"t":6,"s":[{"i":[[0,0],[10.401,-14.029],[0,0],[-8.245,44.5],[0,0],[0,0],[-10.998,13.954],[0,0],[8.972,-44.074],[0,0]],"o":[[17.889,0],[0,0],[-27.254,36.782],[0,0],[0,0],[-18.182,0],[0,0],[28.182,-35.766],[0,0],[0,0]],"v":[[435.337,-197.678],[453.231,-164.159],[114.647,313.569],[35.559,281.471],[92.236,8.739],[-157.349,34.739],[-174.863,0.722],[176.472,-390.584],[254.656,-356.786],[227.166,-171.678]],"c":true}]},{"t":9,"s":[{"i":[[0,0],[11.854,-24.747],[0,0],[-8.245,44.5],[0,0],[0,0],[-10.998,13.954],[-86.31,83.162],[8.972,-44.074],[0,0]],"o":[[17.889,0],[-153.304,171.933],[-27.254,36.782],[0,0],[0,0],[-18.182,0],[0,0],[28.39,-29.304],[0,0],[0,0]],"v":[[393.337,-172.678],[411.231,-139.159],[43.647,422.569],[-35.441,390.471],[18.236,100.739],[-147.349,122.739],[-164.863,88.723],[167.472,-423.584],[245.656,-389.786],[194.166,-136.678]],"c":true}]}],"ix":2},"nm":"Path 1","mn":"ADBE Vector Shape - Group","hd":false},{"ty":"fl","c":{"a":1,"k":[{"i":{"x":[0.833],"y":[0.833]},"o":{"x":[0.167],"y":[0.167]},"t":6,"s":[0.4,0.4,0.4,1]},{"t":11,"s":[1,1,1,1]}],"ix":4},"o":{"a":0,"k":100,"ix":5},"r":1,"bm":0,"nm":"Fill 1","mn":"ADBE Vector Graphic - Fill","hd":false},{"ty":"tr","p":{"a":0,"k":[0,0],"ix":2},"a":{"a":0,"k":[0,0],"ix":1},"s":{"a":0,"k":[100,100],"ix":3},"r":{"a":0,"k":0,"ix":6},"o":{"a":0,"k":100,"ix":7},"sk":{"a":0,"k":0,"ix":4},"sa":{"a":0,"k":0,"ix":5},"nm":"Transform"}],"nm":"Shape 1","np":3,"cix":2,"bm":0,"ix":1,"mn":"ADBE Vector Group","hd":false}],"ip":0,"op":61,"st":0,"bm":0},{"ddd":0,"ind":11,"ty":4,"nm":"Star Dash Out","sr":1,"ks":{"o":{"a":0,"k":100,"ix":11},"r":{"a":0,"k":0,"ix":10},"p":{"a":0,"k":[800,800,0],"ix":2},"a":{"a":0,"k":[0,0,0],"ix":1},"s":{"a":0,"k":[100,100,100],"ix":6}},"ao":0,"shapes":[{"ty":"gr","it":[{"ind":0,"ty":"sh","ix":1,"ks":{"a":1,"k":[{"i":{"x":0.4,"y":1},"o":{"x":0.6,"y":0},"t":2,"s":[{"i":[[0,21.291],[-21.288,0],[0,0],[0,-21.286],[21.288,0],[0,0]],"o":[[0,-21.286],[0,0],[21.288,0],[0,21.291],[0,0],[-21.288,0]],"v":[[-399.582,214.731],[-361.038,176.187],[-173.825,176.187],[-135.281,214.731],[-173.825,253.274],[-361.038,253.274]],"c":true}]},{"i":{"x":0.833,"y":0.833},"o":{"x":0.167,"y":0.167},"t":7,"s":[{"i":[[0,21.291],[-21.288,0],[0,0],[0,-21.286],[21.288,0],[0,0]],"o":[[0,-21.286],[0,0],[21.288,0],[0,21.291],[0,0],[-21.288,0]],"v":[[-219.582,214.01],[-181.038,175.466],[-173.825,176.187],[-135.281,214.731],[-173.825,253.274],[-181.038,252.554]],"c":true}]},{"t":9,"s":[{"i":[[0,3.754],[-3.753,0],[0,0],[0,-3.753],[3.753,0],[0,0]],"o":[[0,-3.753],[0,0],[3.753,0],[0,3.754],[0,0],[-3.753,0]],"v":[[-184.863,214.307],[-178.067,207.511],[-176.796,207.638],[-170,214.434],[-176.796,221.23],[-178.067,221.103]],"c":true}]}],"ix":2},"nm":"Path 1","mn":"ADBE Vector Shape - Group","hd":false},{"ty":"fl","c":{"a":0,"k":[0.4,0.4,0.4,1],"ix":4},"o":{"a":0,"k":100,"ix":5},"r":1,"bm":0,"nm":"Fill 1","mn":"ADBE Vector Graphic - Fill","hd":false},{"ty":"tr","p":{"a":0,"k":[0,0],"ix":2},"a":{"a":0,"k":[0,0],"ix":1},"s":{"a":0,"k":[100,100],"ix":3},"r":{"a":0,"k":0,"ix":6},"o":{"a":1,"k":[{"i":{"x":[0.833],"y":[0.833]},"o":{"x":[0.167],"y":[0.167]},"t":9,"s":[100]},{"t":10,"s":[0]}],"ix":7},"sk":{"a":0,"k":0,"ix":4},"sa":{"a":0,"k":0,"ix":5},"nm":"Transform"}],"nm":"Shape 4","np":3,"cix":2,"bm":0,"ix":1,"mn":"ADBE Vector Group","hd":false},{"ty":"gr","it":[{"ind":0,"ty":"sh","ix":1,"ks":{"a":1,"k":[{"i":{"x":0.4,"y":1},"o":{"x":0.6,"y":0},"t":1,"s":[{"i":[[0,0],[0,-21.288],[-21.288,0],[0,0],[0,21.288],[21.288,0]],"o":[[-21.288,0],[0,21.288],[0,0],[21.288,0],[0,-21.288],[0,0]],"v":[[-405.088,-44.063],[-443.632,-5.519],[-405.088,33.025],[-305.975,33.025],[-267.432,-5.519],[-305.975,-44.063]],"c":true}]},{"i":{"x":0.833,"y":0.833},"o":{"x":0.167,"y":0.167},"t":6,"s":[{"i":[[0,0],[0,-21.288],[-21.288,0],[0,0],[0,21.288],[21.288,0]],"o":[[-21.288,0],[0,21.288],[0,0],[21.288,0],[0,-21.288],[0,0]],"v":[[-313.088,-43.582],[-351.632,-5.038],[-313.088,33.506],[-305.975,33.025],[-267.432,-5.519],[-305.975,-44.063]],"c":true}]},{"t":8,"s":[{"i":[[0,0],[0,-3.689],[-3.689,0],[0,0],[0,3.689],[3.689,0]],"o":[[-3.689,0],[0,3.689],[0,0],[3.689,0],[0,-3.689],[0,0]],"v":[[-310.148,-11.917],[-316.828,-5.237],[-310.148,1.443],[-308.915,1.359],[-302.236,-5.32],[-308.915,-12]],"c":true}]}],"ix":2},"nm":"Path 1","mn":"ADBE Vector Shape - Group","hd":false},{"ty":"fl","c":{"a":0,"k":[0.4,0.4,0.4,1],"ix":4},"o":{"a":0,"k":100,"ix":5},"r":1,"bm":0,"nm":"Fill 1","mn":"ADBE Vector Graphic - Fill","hd":false},{"ty":"tr","p":{"a":0,"k":[0,0],"ix":2},"a":{"a":0,"k":[0,0],"ix":1},"s":{"a":0,"k":[100,100],"ix":3},"r":{"a":0,"k":0,"ix":6},"o":{"a":1,"k":[{"i":{"x":[0.833],"y":[0.833]},"o":{"x":[0.167],"y":[0.167]},"t":8,"s":[100]},{"t":9,"s":[0]}],"ix":7},"sk":{"a":0,"k":0,"ix":4},"sa":{"a":0,"k":0,"ix":5},"nm":"Transform"}],"nm":"Shape 3","np":3,"cix":2,"bm":0,"ix":2,"mn":"ADBE Vector Group","hd":false},{"ty":"gr","it":[{"ind":0,"ty":"sh","ix":1,"ks":{"a":1,"k":[{"i":{"x":0.4,"y":1},"o":{"x":0.6,"y":0},"t":0,"s":[{"i":[[0,21.288],[-21.288,0],[0,0],[0,-21.288],[21.288,0],[0,0]],"o":[[0,-21.288],[0,0],[21.288,0],[0,21.288],[0,0],[-21.288,0]],"v":[[-355.532,-225.769],[-316.988,-264.313],[-151.8,-264.313],[-113.256,-225.769],[-151.8,-187.225],[-316.988,-187.225]],"c":true}]},{"i":{"x":0.833,"y":0.833},"o":{"x":0.167,"y":0.167},"t":5,"s":[{"i":[[0,21.288],[-21.288,0],[0,0],[0,-21.288],[21.288,0],[0,0]],"o":[[0,-21.288],[0,0],[21.288,0],[0,21.288],[0,0],[-21.288,0]],"v":[[-199.532,-226.495],[-160.988,-265.039],[-151.8,-264.313],[-113.256,-225.769],[-151.8,-187.225],[-160.988,-187.951]],"c":true}]},{"t":7,"s":[{"i":[[0,3.155],[-3.155,0],[0,0],[0,-3.155],[3.155,0],[0,0]],"o":[[0,-3.155],[0,0],[3.155,0],[0,3.155],[0,0],[-3.155,0]],"v":[[-162.788,-226.186],[-157.075,-231.899],[-155.713,-231.791],[-150,-226.078],[-155.713,-220.365],[-157.075,-220.473]],"c":true}]}],"ix":2},"nm":"Path 1","mn":"ADBE Vector Shape - Group","hd":false},{"ty":"fl","c":{"a":0,"k":[0.4,0.4,0.4,1],"ix":4},"o":{"a":0,"k":100,"ix":5},"r":1,"bm":0,"nm":"Fill 1","mn":"ADBE Vector Graphic - Fill","hd":false},{"ty":"tr","p":{"a":0,"k":[0,0],"ix":2},"a":{"a":0,"k":[0,0],"ix":1},"s":{"a":0,"k":[100,100],"ix":3},"r":{"a":0,"k":0,"ix":6},"o":{"a":1,"k":[{"i":{"x":[0.833],"y":[0.833]},"o":{"x":[0.167],"y":[0.167]},"t":7,"s":[100]},{"t":8,"s":[0]}],"ix":7},"sk":{"a":0,"k":0,"ix":4},"sa":{"a":0,"k":0,"ix":5},"nm":"Transform"}],"nm":"Shape 2","np":3,"cix":2,"bm":0,"ix":3,"mn":"ADBE Vector Group","hd":false}],"ip":0,"op":40,"st":0,"bm":0}],"markers":[]}